{"settings": {"name": "test", "acceleration": 1.01, "max_speed": 310, "rotation_speed": 4, "shape": [6, 4, 3, 2], "max_score": 96, "gen_count": 163, "friction": 0.95}, "weights": [[[-0.05681130796963815, 1.6629021222174751, 2.1376937956486195, 0.221277284813387], [2.4767338379686117, -0.9826298576785467, -1.3626317552921412, 3.4666779331898923], [0.6737382061759053, 1.9536949239127896, 1.4218080682205807, -4.266072341230009], [0.5140213422073007, 3.3572449759361365, -1.0376369426480825, -4.287001272663368], [-1.188346432223592, -1.5815938786470465, 0.49005430549697127, 1.8739912206025706], [-4.83027009598865, 1.6725728616875948, 1.1676839606168705, -1.1696123624071475]], [[-1.8595189757962896, -1.4952166860204559, 2.5092299966708946], [-2.0715349596461667, -2.538139815658544, 0.9254510467265769], [0.9751870940040908, -0.6499492554915074, -2.245278795838052], [0.5289993224501399, -0.10349092992765067, 2.835995992804402]], [[1.8476207279489743, -2.0420766344912153], [-2.6780424045682802, -0.38040817721651554], [2.967694962395526, -3.25470588698453]]]}